date,day,time,home,away,goals_home,goals_away,venue,referee,attendance
2024-08-16,Fri,20:00 (21:00),Manchester Utd,Fulham,1,0,Old Trafford,Robert Jones,"73,297"
2024-08-17,Sat,12:30 (13:30),Ipswich Town,Liverpool,0,2,Portman Road Stadium,Tim Robinson,"30,014"
2024-08-17,Sat,15:00 (16:00),Newcastle Utd,Southampton,1,0,St James' Park,Craig Pawson,"52,196"
2024-08-17,Sat,15:00 (16:00),Everton,Brighton,0,3,Goodison Park,Simon Hooper,"39,217"
2024-08-17,Sat,15:00 (16:00),Nott'ham Forest,Bournemouth,1,1,The City Ground,Michael Oliver,"29,763"
2024-08-17,Sat,15:00 (16:00),Arsenal,Wolves,2,0,Emirates Stadium,Jarred Gillett,"60,261"
2024-08-17,Sat,17:30 (18:30),West Ham,Aston Villa,1,2,London Stadium,Tony Harrington,"62,463"
2024-08-18,Sun,14:00 (15:00),Brentford,Crystal Palace,2,1,Gtech Community Stadium,Samuel Barrott,"16,988"
2024-08-18,Sun,16:30 (17:30),Chelsea,Manchester City,0,2,Stamford Bridge,Anthony Taylor,"39,818"
2024-08-19,Mon,20:00 (21:00),Leicester City,Tottenham,1,1,King Power Stadium,Chris Kavanagh,"31,977"
2024-08-24,Sat,12:30 (13:30),Brighton,Manchester Utd,2,1,The American Express Stadium,Craig Pawson,"31,537"
2024-08-24,Sat,15:00 (16:00),Manchester City,Ipswich Town,4,1,Etihad Stadium,Samuel Allison,"53,147"
2024-08-24,Sat,15:00 (16:00),Southampton,Nott'ham Forest,0,1,St Mary's Stadium,Samuel Barrott,"31,150"
2024-08-24,Sat,15:00 (16:00),Tottenham,Everton,4,0,Tottenham Hotspur Stadium,Anthony Taylor,"61,357"
2024-08-24,Sat,15:00 (16:00),Fulham,Leicester City,2,1,Craven Cottage,Darren Bond,"25,401"
2024-08-24,Sat,15:00 (16:00),Crystal Palace,West Ham,0,2,Selhurst Park,Robert Jones,"25,099"
2024-08-24,Sat,17:30 (18:30),Aston Villa,Arsenal,0,2,Villa Park,Michael Oliver,"41,587"
2024-08-25,Sun,14:00 (15:00),Wolves,Chelsea,2,6,Molineux Stadium,Darren England,"31,235"
2024-08-25,Sun,14:00 (15:00),Bournemouth,Newcastle Utd,1,1,Vitality Stadium,David Coote,"11,161"
2024-08-25,Sun,16:30 (17:30),Liverpool,Brentford,2,0,Anfield,Stuart Attwell,"60,017"
2024-08-31,Sat,12:30 (13:30),Arsenal,Brighton,1,1,Emirates Stadium,Chris Kavanagh,"60,326"
2024-08-31,Sat,15:00 (16:00),Ipswich Town,Fulham,1,1,Portman Road Stadium,Lewis Smith,"29,517"
2024-08-31,Sat,15:00 (16:00),Nott'ham Forest,Wolves,1,1,The City Ground,Simon Hooper,"29,918"
2024-08-31,Sat,15:00 (16:00),Brentford,Southampton,3,1,Gtech Community Stadium,Joshua Smith,"16,955"
2024-08-31,Sat,15:00 (16:00),Leicester City,Aston Villa,1,2,King Power Stadium,David Coote,"31,725"
2024-08-31,Sat,15:00 (16:00),Everton,Bournemouth,2,3,Goodison Park,Stuart Attwell,"38,805"
2024-08-31,Sat,17:30 (18:30),West Ham,Manchester City,1,3,London Stadium,Michael Oliver,"62,469"
2024-09-01,Sun,13:30 (14:30),Newcastle Utd,Tottenham,2,1,St James' Park,Robert Jones,"52,211"
2024-09-01,Sun,13:30 (14:30),Chelsea,Crystal Palace,1,1,Stamford Bridge,Jarred Gillett,"39,298"
2024-09-01,Sun,16:00 (17:00),Manchester Utd,Liverpool,0,3,Old Trafford,Anthony Taylor,"73,738"
2024-09-14,Sat,12:30 (13:30),Southampton,Manchester Utd,0,3,St Mary's Stadium,Stuart Attwell,"31,144"
2024-09-14,Sat,15:00 (16:00),Manchester City,Brentford,2,1,Etihad Stadium,Darren Bond,"52,148"
2024-09-14,Sat,15:00 (16:00),Liverpool,Nott'ham Forest,0,1,Anfield,Michael Oliver,"60,344"
2024-09-14,Sat,15:00 (16:00),Crystal Palace,Leicester City,2,2,Selhurst Park,Tony Harrington,"25,147"
2024-09-14,Sat,15:00 (16:00),Fulham,West Ham,1,1,Craven Cottage,Tim Robinson,"26,528"
2024-09-14,Sat,15:00 (16:00),Brighton,Ipswich Town,0,0,The American Express Stadium,Samuel Barrott,"41,573"
2024-09-14,Sat,17:30 (18:30),Aston Villa,Everton,3,2,Villa Park,Craig Pawson,"41,573"
2024-09-14,Sat,20:00 (21:00),Bournemouth,Chelsea,0,1,Vitality Stadium,Anthony Taylor,"11,235"
2024-09-15,Sun,14:00 (15:00),Tottenham,Arsenal,0,1,Tottenham Hotspur Stadium,Jarred Gillett,"61,645"
2024-09-15,Sun,16:30 (17:30),Wolves,Newcastle Utd,1,2,Molineux Stadium,Chris Kavanagh,"30,255"
2024-09-21,Sat,12:30 (13:30),West Ham,Chelsea,0,3,London Stadium,Samuel Barrott,"62,473"
2024-09-21,Sat,15:00 (16:00),Tottenham,Brentford,3,1,Tottenham Hotspur Stadium,John Brooks,"61,246"
2024-09-21,Sat,15:00 (16:00),Aston Villa,Wolves,3,1,Villa Park,Tim Robinson,"39,978"
2024-09-21,Sat,15:00 (16:00),Fulham,Newcastle Utd,3,1,Craven Cottage,Peter Bankes,"25,700"
2024-09-21,Sat,15:00 (16:00),Southampton,Ipswich Town,1,1,St Mary's Stadium,Samuel Allison,"31,117"
2024-09-21,Sat,15:00 (16:00),Leicester City,Everton,1,1,King Power Stadium,Darren England,"31,765"
2024-09-21,Sat,15:00 (16:00),Liverpool,Bournemouth,3,0,Anfield,Tony Harrington,"60,347"
2024-09-21,Sat,17:30 (18:30),Crystal Palace,Manchester Utd,0,0,Selhurst Park,David Coote,"25,172"
2024-09-22,Sun,14:00 (15:00),Brighton,Nott'ham Forest,2,2,The American Express Stadium,Robert Jones,"31,444"
2024-09-22,Sun,16:30 (17:30),Manchester City,Arsenal,2,2,Etihad Stadium,Michael Oliver,"52,846"
2024-09-28,Sat,12:30 (13:30),Newcastle Utd,Manchester City,1,1,St James' Park,Jarred Gillett,"52,248"
2024-09-28,Sat,15:00 (16:00),Brentford,West Ham,1,1,Gtech Community Stadium,Simon Hooper,"17,050"
2024-09-28,Sat,15:00 (16:00),Everton,Crystal Palace,2,1,Goodison Park,Andy Madley,"38,954"
2024-09-28,Sat,15:00 (16:00),Arsenal,Leicester City,4,2,Emirates Stadium,Samuel Barrott,"60,323"
2024-09-28,Sat,15:00 (16:00),Chelsea,Brighton,4,2,Stamford Bridge,Peter Bankes,"39,495"
2024-09-28,Sat,15:00 (16:00),Nott'ham Forest,Fulham,0,1,The City Ground,Joshua Smith,"30,139"
2024-09-28,Sat,17:30 (18:30),Wolves,Liverpool,1,2,Molineux Stadium,Anthony Taylor,"31,413"
2024-09-29,Sun,14:00 (15:00),Ipswich Town,Aston Villa,2,2,Portman Road Stadium,Stuart Attwell,"29,943"
2024-09-29,Sun,16:30 (17:30),Manchester Utd,Tottenham,0,3,Old Trafford,Chris Kavanagh,"73,587"
2024-09-30,Mon,20:00 (21:00),Bournemouth,Southampton,3,1,Vitality Stadium,Michael Oliver,"11,243"
2024-10-05,Sat,12:30 (13:30),Crystal Palace,Liverpool,0,1,Selhurst Park,Simon Hooper,"25,185"
2024-10-05,Sat,15:00 (16:00),Brentford,Wolves,5,3,Gtech Community Stadium,Andy Madley,"16,960"
2024-10-05,Sat,15:00 (16:00),Leicester City,Bournemouth,1,0,King Power Stadium,Darren Bond,"31,706"
2024-10-05,Sat,15:00 (16:00),Manchester City,Fulham,3,2,Etihad Stadium,Peter Bankes,"53,017"
2024-10-05,Sat,15:00 (16:00),West Ham,Ipswich Town,4,1,London Stadium,Anthony Taylor,"62,467"
2024-10-05,Sat,15:00 (16:00),Arsenal,Southampton,3,1,Emirates Stadium,Tony Harrington,"60,307"
2024-10-05,Sat,17:30 (18:30),Everton,Newcastle Utd,0,0,Goodison Park,Craig Pawson,"39,265"
2024-10-06,Sun,14:00 (15:00),Aston Villa,Manchester Utd,0,0,Villa Park,Robert Jones,"42,682"
2024-10-06,Sun,14:00 (15:00),Chelsea,Nott'ham Forest,1,1,Stamford Bridge,Chris Kavanagh,"39,501"
2024-10-06,Sun,16:30 (17:30),Brighton,Tottenham,3,2,The American Express Stadium,David Coote,"31,487"
2024-10-19,Sat,12:30 (13:30),Tottenham,West Ham,4,1,Tottenham Hotspur Stadium,Andy Madley,"61,381"
2024-10-19,Sat,15:00 (16:00),Fulham,Aston Villa,1,3,Craven Cottage,Darren England,"26,743"
2024-10-19,Sat,15:00 (16:00),Ipswich Town,Everton,0,2,Portman Road Stadium,Michael Oliver,"29,862"
2024-10-19,Sat,15:00 (16:00),Southampton,Leicester City,2,3,St Mary's Stadium,Anthony Taylor,"31,145"
2024-10-19,Sat,15:00 (16:00),Manchester Utd,Brentford,2,1,Old Trafford,Samuel Barrott,"73,738"
2024-10-19,Sat,15:00 (16:00),Newcastle Utd,Brighton,0,1,St James' Park,Peter Bankes,"52,220"
2024-10-19,Sat,17:30 (18:30),Bournemouth,Arsenal,2,0,Vitality Stadium,Robert Jones,"11,235"
2024-10-20,Sun,14:00 (15:00),Wolves,Manchester City,1,2,Molineux Stadium,Chris Kavanagh,"31,319"
2024-10-20,Sun,16:30 (17:30),Liverpool,Chelsea,2,1,Anfield,John Brooks,"60,277"
2024-10-21,Mon,20:00 (21:00),Nott'ham Forest,Crystal Palace,1,0,The City Ground,Tim Robinson,"29,443"
2024-10-25,Fri,20:00 (21:00),Leicester City,Nott'ham Forest,1,3,King Power Stadium,Craig Pawson,"31,879"
2024-10-26,Sat,15:00 (16:00),Brighton,Wolves,2,2,The American Express Stadium,Michael Oliver,"31,840"
2024-10-26,Sat,15:00 (16:00),Manchester City,Southampton,1,0,Etihad Stadium,Tony Harrington,"52,844"
2024-10-26,Sat,15:00 (16:00),Brentford,Ipswich Town,4,3,Gtech Community Stadium,Lewis Smith,"17,109"
2024-10-26,Sat,15:00 (16:00),Aston Villa,Bournemouth,1,1,Villa Park,Chris Kavanagh,"42,165"
2024-10-26,Sat,17:30 (18:30),Everton,Fulham,1,1,Goodison Park,John Brooks,"38,742"
2024-10-27,Sun,14:00 (15:00),West Ham,Manchester Utd,2,1,London Stadium,David Coote,"62,474"
2024-10-27,Sun,14:00 (15:00),Chelsea,Newcastle Utd,2,1,Stamford Bridge,Simon Hooper,"39,526"
2024-10-27,Sun,14:00 (15:00),Crystal Palace,Tottenham,1,0,Selhurst Park,Darren Bond,"25,108"
2024-10-27,Sun,16:30 (17:30),Arsenal,Liverpool,2,2,Emirates Stadium,Anthony Taylor,"60,383"
2024-11-02,Sat,12:30 (13:30),Newcastle Utd,Arsenal,1,0,St James' Park,John Brooks,"52,249"
2024-11-02,Sat,15:00 (16:00),Liverpool,Brighton,2,1,Anfield,Tony Harrington,"60,331"
2024-11-02,Sat,15:00 (16:00),Southampton,Everton,1,0,St Mary's Stadium,Andy Madley,"31,143"
2024-11-02,Sat,15:00 (16:00),Nott'ham Forest,West Ham,3,0,The City Ground,Peter Bankes,"30,112"
2024-11-02,Sat,15:00 (16:00),Ipswich Town,Leicester City,1,1,Portman Road Stadium,Tim Robinson,"29,874"
2024-11-02,Sat,15:00 (16:00),Bournemouth,Manchester City,2,1,Vitality Stadium,Michael Oliver,"11,231"
2024-11-02,Sat,17:30 (18:30),Wolves,Crystal Palace,2,2,Molineux Stadium,Anthony Taylor,"31,124"
2024-11-03,Sun,14:00 (15:00),Tottenham,Aston Villa,4,1,Tottenham Hotspur Stadium,Craig Pawson,"61,253"
2024-11-03,Sun,16:30 (17:30),Manchester Utd,Chelsea,1,1,Old Trafford,Robert Jones,"73,813"
2024-11-04,Mon,20:00 (21:00),Fulham,Brentford,2,1,Craven Cottage,Stuart Attwell,"24,931"
2024-11-09,Sat,15:00 (16:00),West Ham,Everton,0,0,London Stadium,Stuart Attwell,"62,463"
2024-11-09,Sat,15:00 (16:00),Crystal Palace,Fulham,0,2,Selhurst Park,Michael Salisbury,"25,142"
2024-11-09,Sat,15:00 (16:00),Wolves,Southampton,2,0,Molineux Stadium,Thomas Bramall,"31,403"
2024-11-09,Sat,15:00 (16:00),Brentford,Bournemouth,3,2,Gtech Community Stadium,Darren Bond,"16,587"
2024-11-09,Sat,17:30 (18:30),Brighton,Manchester City,2,1,The American Express Stadium,Samuel Barrott,"31,715"
2024-11-09,Sat,20:00 (21:00),Liverpool,Aston Villa,2,0,Anfield,David Coote,"60,292"
2024-11-10,Sun,14:00 (15:00),Tottenham,Ipswich Town,1,2,Tottenham Hotspur Stadium,Darren England,"61,505"
2024-11-10,Sun,14:00 (15:00),Nott'ham Forest,Newcastle Utd,1,3,The City Ground,Anthony Taylor,"30,145"
2024-11-10,Sun,14:00 (15:00),Manchester Utd,Leicester City,3,0,Old Trafford,Peter Bankes,"73,829"
2024-11-10,Sun,16:30 (17:30),Chelsea,Arsenal,1,1,Stamford Bridge,Michael Oliver,"39,780"
2024-11-23,Sat,12:30 (13:30),Leicester City,Chelsea,1,2,King Power Stadium,Andy Madley,"31,880"
2024-11-23,Sat,15:00 (16:00),Aston Villa,Crystal Palace,2,2,Villa Park,Tim Robinson,"42,175"
2024-11-23,Sat,15:00 (16:00),Fulham,Wolves,1,4,Craven Cottage,Robert Jones,"26,685"
2024-11-23,Sat,15:00 (16:00),Bournemouth,Brighton,1,2,Vitality Stadium,Stuart Attwell,"11,196"
2024-11-23,Sat,15:00 (16:00),Arsenal,Nott'ham Forest,3,0,Emirates Stadium,Simon Hooper,"60,298"
2024-11-23,Sat,15:00 (16:00),Everton,Brentford,0,0,Goodison Park,Chris Kavanagh,"38,915"
2024-11-23,Sat,17:30 (18:30),Manchester City,Tottenham,0,4,Etihad Stadium,John Brooks,"52,478"
2024-11-24,Sun,14:00 (15:00),Southampton,Liverpool,2,3,St Mary's Stadium,Samuel Barrott,"31,278"
2024-11-24,Sun,16:30 (17:30),Ipswich Town,Manchester Utd,1,1,Portman Road Stadium,Anthony Taylor,"30,017"
2024-11-25,Mon,20:00 (21:00),Newcastle Utd,West Ham,0,2,St James' Park,Craig Pawson,"52,094"
2024-11-29,Fri,20:00 (21:00),Brighton,Southampton,1,1,The American Express Stadium,Robert Jones,"31,542"
2024-11-30,Sat,15:00 (16:00),Wolves,Bournemouth,2,4,Molineux Stadium,Peter Bankes,"26,685"
2024-11-30,Sat,15:00 (16:00),Nott'ham Forest,Ipswich Town,1,0,The City Ground,Tony Harrington,"30,237"
2024-11-30,Sat,15:00 (16:00),Brentford,Leicester City,4,1,Gtech Community Stadium,Michael Oliver,"17,084"
2024-11-30,Sat,15:00 (16:00),Crystal Palace,Newcastle Utd,1,1,Selhurst Park,Darren England,"25,101"
2024-11-30,Sat,17:30 (18:30),West Ham,Arsenal,2,5,London Stadium,Anthony Taylor,"62,475"
2024-12-01,Sun,13:30 (14:30),Manchester Utd,Everton,4,0,Old Trafford,John Brooks,"73,817"
2024-12-01,Sun,13:30 (14:30),Tottenham,Fulham,1,1,Tottenham Hotspur Stadium,Darren Bond,"61,141"
2024-12-01,Sun,13:30 (14:30),Chelsea,Aston Villa,3,0,Stamford Bridge,Stuart Attwell,"40,853"
2024-12-01,Sun,16:00 (17:00),Liverpool,Manchester City,2,0,Anfield,Chris Kavanagh,"60,248"
2024-12-03,Tue,19:30 (20:30),Ipswich Town,Crystal Palace,0,1,Portman Road Stadium,Craig Pawson,"29,533"
2024-12-03,Tue,20:15 (21:15),Leicester City,West Ham,3,1,King Power Stadium,Joshua Smith,"30,947"
2024-12-04,Wed,19:30 (20:30),Newcastle Utd,Liverpool,3,3,St James' Park,Andy Madley,"52,237"
2024-12-04,Wed,19:30 (20:30),Everton,Wolves,4,0,Goodison Park,Michael Salisbury,"38,820"
2024-12-04,Wed,19:30 (20:30),Manchester City,Nott'ham Forest,3,0,Etihad Stadium,Michael Oliver,"51,764"
2024-12-04,Wed,19:30 (20:30),Southampton,Chelsea,1,5,St Mary's Stadium,Tony Harrington,"31,193"
2024-12-04,Wed,20:15 (21:15),Arsenal,Manchester Utd,2,0,Emirates Stadium,Samuel Barrott,"60,256"
2024-12-04,Wed,20:15 (21:15),Aston Villa,Brentford,3,1,Villa Park,Lewis Smith,"42,148"
2024-12-05,Thu,19:30 (20:30),Fulham,Brighton,3,1,Craven Cottage,Peter Bankes,"26,368"
2024-12-05,Thu,20:15 (21:15),Bournemouth,Tottenham,1,0,Vitality Stadium,Simon Hooper,"11,234"
2024-12-07,Sat,15:00 (16:00),Aston Villa,Southampton,1,0,Villa Park,Darren Bond,"42,453"
2024-12-07,Sat,15:00 (16:00),Crystal Palace,Manchester City,2,2,Selhurst Park,Robert Jones,"25,142"
2024-12-07,Sat,15:00 (16:00),Brentford,Newcastle Utd,4,2,Gtech Community Stadium,Simon Hooper,"17,078"
2024-12-07,Sat,17:30 (18:30),Manchester Utd,Nott'ham Forest,2,3,Old Trafford,Darren England,"73,778"
2024-12-08,Sun,14:00 (15:00),Leicester City,Brighton,2,2,King Power Stadium,Stuart Attwell,"31,647"
2024-12-08,Sun,14:00 (15:00),Ipswich Town,Bournemouth,1,2,Portman Road Stadium,Michael Salisbury,"29,180"
2024-12-08,Sun,14:00 (15:00),Fulham,Arsenal,1,1,Craven Cottage,Chris Kavanagh,"26,954"
2024-12-08,Sun,16:30 (17:30),Tottenham,Chelsea,3,4,Tottenham Hotspur Stadium,Anthony Taylor,"61,184"
2024-12-09,Mon,20:00 (21:00),West Ham,Wolves,2,1,London Stadium,John Brooks,"62,474"
2024-12-14,Sat,15:00 (16:00),Liverpool,Fulham,2,2,Anfield,Tony Harrington,"60,333"
2024-12-14,Sat,15:00 (16:00),Wolves,Ipswich Town,1,2,Molineux Stadium,Simon Hooper,"30,866"
2024-12-14,Sat,15:00 (16:00),Newcastle Utd,Leicester City,4,0,St James' Park,Thomas Bramall,"52,235"
2024-12-14,Sat,15:00 (16:00),Arsenal,Everton,0,0,Emirates Stadium,Craig Pawson,"60,176"
2024-12-14,Sat,17:30 (18:30),Nott'ham Forest,Aston Villa,2,1,The City Ground,Samuel Barrott,"30,117"
2024-12-15,Sun,14:00 (15:00),Brighton,Crystal Palace,1,3,The American Express Stadium,Michael Oliver,"30,893"
2024-12-15,Sun,16:30 (17:30),Manchester City,Manchester Utd,1,2,Etihad Stadium,Anthony Taylor,"53,184"
2024-12-15,Sun,19:00 (20:00),Southampton,Tottenham,0,5,St Mary's Stadium,Darren England,"31,090"
2024-12-15,Sun,19:00 (20:00),Chelsea,Brentford,2,1,Stamford Bridge,Peter Bankes,"39,571"
2024-12-16,Mon,20:00 (21:00),Bournemouth,West Ham,1,1,Vitality Stadium,Chris Kavanagh,"11,204"
2024-12-21,Sat,12:30 (13:30),Aston Villa,Manchester City,2,1,Villa Park,Peter Bankes,"42,345"
2024-12-21,Sat,15:00 (16:00),Ipswich Town,Newcastle Utd,0,4,Portman Road Stadium,Stuart Attwell,"29,774"
2024-12-21,Sat,15:00 (16:00),Brentford,Nott'ham Forest,0,2,Gtech Community Stadium,Michael Oliver,"17,115"
2024-12-21,Sat,15:00 (16:00),West Ham,Brighton,1,1,London Stadium,Robert Jones,"62,460"
2024-12-21,Sat,17:30 (18:30),Crystal Palace,Arsenal,1,5,Selhurst Park,Simon Hooper,"25,167"
2024-12-22,Sun,14:00 (15:00),Manchester Utd,Bournemouth,0,3,Old Trafford,Craig Pawson,"73,720"
2024-12-22,Sun,14:00 (15:00),Leicester City,Wolves,0,3,King Power Stadium,Anthony Taylor,"31,818"
2024-12-22,Sun,14:00 (15:00),Everton,Chelsea,0,0,Goodison Park,Chris Kavanagh,"39,358"
2024-12-22,Sun,14:00 (15:00),Fulham,Southampton,0,0,Craven Cottage,Tim Robinson,"26,819"
2024-12-22,Sun,16:30 (17:30),Tottenham,Liverpool,3,6,Tottenham Hotspur Stadium,Samuel Barrott,"61,439"
2024-12-26,Thu,12:30 (13:30),Manchester City,Everton,1,1,Etihad Stadium,Simon Hooper,"55,527"
2024-12-26,Thu,15:00 (16:00),Southampton,West Ham,0,1,St Mary's Stadium,Lewis Smith,"31,059"
2024-12-26,Thu,15:00 (16:00),Newcastle Utd,Aston Villa,3,0,St James' Park,Anthony Taylor,"52,168"
2024-12-26,Thu,15:00 (16:00),Nott'ham Forest,Tottenham,1,0,The City Ground,Craig Pawson,"30,200"
2024-12-26,Thu,15:00 (16:00),Bournemouth,Crystal Palace,0,0,Vitality Stadium,Thomas Bramall,"11,129"
2024-12-26,Thu,15:00 (16:00),Chelsea,Fulham,1,2,Stamford Bridge,Samuel Barrott,"39,687"
2024-12-26,Thu,17:30 (18:30),Wolves,Manchester Utd,2,0,Molineux Stadium,Tony Harrington,"31,407"
2024-12-26,Thu,20:00 (21:00),Liverpool,Leicester City,3,1,Anfield,Darren Bond,"60,300"
2024-12-27,Fri,19:30 (20:30),Brighton,Brentford,0,0,The American Express Stadium,Andy Madley,"31,548"
2024-12-27,Fri,20:15 (21:15),Arsenal,Ipswich Town,1,0,Emirates Stadium,Darren England,"60,271"
2024-12-29,Sun,14:30 (15:30),Leicester City,Manchester City,0,2,King Power Stadium,Michael Oliver,"32,057"
2024-12-29,Sun,15:00 (16:00),Everton,Nott'ham Forest,0,2,Goodison Park,Tony Harrington,"25,414"
2024-12-29,Sun,15:00 (16:00),Tottenham,Wolves,2,2,Tottenham Hotspur Stadium,Chris Kavanagh,"61,284"
2024-12-29,Sun,15:00 (16:00),Fulham,Bournemouth,2,2,Craven Cottage,Robert Jones,"27,301"
2024-12-29,Sun,15:00 (16:00),Crystal Palace,Southampton,2,1,Selhurst Park,Michael Salisbury,"25,130"
2024-12-29,Sun,17:15 (18:15),West Ham,Liverpool,0,5,London Stadium,Anthony Taylor,"62,476"
2024-12-30,Mon,19:45 (20:45),Aston Villa,Brighton,2,2,Villa Park,Craig Pawson,"41,414"
2024-12-30,Mon,19:45 (20:45),Ipswich Town,Chelsea,2,0,Portman Road Stadium,John Brooks,"29,968"
2024-12-30,Mon,20:00 (21:00),Manchester Utd,Newcastle Utd,0,2,Old Trafford,Simon Hooper,"73,809"
2025-01-01,Wed,17:30 (18:30),Brentford,Arsenal,1,3,Gtech Community Stadium,Peter Bankes,"47,190"
2025-01-04,Sat,12:30 (13:30),Tottenham,Newcastle Utd,1,2,Tottenham Hotspur Stadium,Andy Madley,"61,293"
2025-01-04,Sat,15:00 (16:00),Aston Villa,Leicester City,2,1,Villa Park,Jarred Gillett,"42,386"
2025-01-04,Sat,15:00 (16:00),Bournemouth,Everton,1,0,Vitality Stadium,John Brooks,"11,223"
2025-01-04,Sat,15:00 (16:00),Crystal Palace,Chelsea,1,1,Selhurst Park,Tim Robinson,"25,179"
2025-01-04,Sat,15:00 (16:00),Southampton,Brentford,0,5,St Mary's Stadium,Stuart Attwell,"31,001"
2025-01-04,Sat,15:00 (16:00),Manchester City,West Ham,4,1,Etihad Stadium,Michael Salisbury,"52,737"
2025-01-04,Sat,17:30 (18:30),Brighton,Arsenal,1,1,The American Express Stadium,Anthony Taylor,"31,714"
2025-01-05,Sun,14:00 (15:00),Fulham,Ipswich Town,2,2,Craven Cottage,Darren Bond,"27,042"
2025-01-05,Sun,16:30 (17:30),Liverpool,Manchester Utd,2,2,Anfield,Michael Oliver,"60,275"
2025-01-06,Mon,20:00 (21:00),Wolves,Nott'ham Forest,0,3,Molineux Stadium,Peter Bankes,"29,940"
2025-01-14,Tue,19:30 (20:30),West Ham,Fulham,3,2,London Stadium,Craig Pawson,"62,456"
2025-01-14,Tue,19:30 (20:30),Chelsea,Bournemouth,2,2,Stamford Bridge,Robert Jones,"39,092"
2025-01-14,Tue,19:30 (20:30),Brentford,Manchester City,2,2,Gtech Community Stadium,Anthony Taylor,"17,048"
2025-01-14,Tue,20:00 (21:00),Nott'ham Forest,Liverpool,1,1,The City Ground,Chris Kavanagh,"30,249"
2025-01-15,Wed,19:30 (20:30),Leicester City,Crystal Palace,0,2,King Power Stadium,Andy Madley,"29,766"
2025-01-15,Wed,19:30 (20:30),Everton,Aston Villa,0,1,Goodison Park,Samuel Barrott,"39,085"
2025-01-15,Wed,19:30 (20:30),Newcastle Utd,Wolves,3,0,St James' Park,Darren England,"51,975"
2025-01-15,Wed,20:00 (21:00),Arsenal,Tottenham,2,1,Emirates Stadium,Simon Hooper,"60,287"
2025-01-16,Thu,19:30 (20:30),Ipswich Town,Brighton,0,2,Portman Road Stadium,Tony Harrington,"29,403"
2025-01-16,Thu,20:00 (21:00),Manchester Utd,Southampton,3,1,Old Trafford,John Brooks,"73,722"
2025-01-18,Sat,12:30 (13:30),Newcastle Utd,Bournemouth,1,4,St James' Park,Stuart Attwell,"52,227"
2025-01-18,Sat,15:00 (16:00),Leicester City,Fulham,0,2,King Power Stadium,Michael Salisbury,"31,500"
2025-01-18,Sat,15:00 (16:00),West Ham,Crystal Palace,0,2,London Stadium,Thomas Bramall,"62,469"
2025-01-18,Sat,15:00 (16:00),Brentford,Liverpool,0,2,Gtech Community Stadium,Andy Madley,"17,215"
2025-01-18,Sat,17:30 (18:30),Arsenal,Aston Villa,2,2,Emirates Stadium,Chris Kavanagh,"60,067"
2025-01-19,Sun,14:00 (15:00),Everton,Tottenham,3,2,Goodison Park,Darren England,"39,326"
2025-01-19,Sun,14:00 (15:00),Manchester Utd,Brighton,1,3,Old Trafford,Peter Bankes,"73,758"
2025-01-19,Sun,14:00 (15:00),Nott'ham Forest,Southampton,3,2,The City Ground,Anthony Taylor,"30,180"
2025-01-19,Sun,16:30 (17:30),Ipswich Town,Manchester City,0,6,Portman Road Stadium,Samuel Barrott,"29,841"
2025-01-20,Mon,20:00 (21:00),Chelsea,Wolves,3,1,Stamford Bridge,Simon Hooper,"39,221"
2025-01-25,Sat,15:00 (16:00),Southampton,Newcastle Utd,1,3,St Mary's Stadium,Samuel Barrott,"31,141"
2025-01-25,Sat,15:00 (16:00),Brighton,Everton,0,1,The American Express Stadium,Tim Robinson,"31,087"
2025-01-25,Sat,15:00 (16:00),Liverpool,Ipswich Town,4,1,Anfield,Michael Salisbury,"60,420"
2025-01-25,Sat,15:00 (16:00),Bournemouth,Nott'ham Forest,5,0,Vitality Stadium,Craig Pawson,"11,228"
2025-01-25,Sat,15:00 (16:00),Wolves,Arsenal,0,1,Molineux Stadium,Michael Oliver,"31,503"
2025-01-25,Sat,17:30 (18:30),Manchester City,Chelsea,3,1,Etihad Stadium,John Brooks,"52,687"
2025-01-26,Sun,14:00 (15:00),Crystal Palace,Brentford,1,2,Selhurst Park,Tony Harrington,"25,066"
2025-01-26,Sun,14:00 (15:00),Tottenham,Leicester City,1,2,Tottenham Hotspur Stadium,Robert Jones,"61,295"
2025-01-26,Sun,16:30 (17:30),Aston Villa,West Ham,1,1,Villa Park,Peter Bankes,"41,628"
2025-01-26,Sun,19:00 (20:00),Fulham,Manchester Utd,0,1,Craven Cottage,Anthony Taylor,"27,288"
2025-02-01,Sat,12:30 (13:30),Nott'ham Forest,Brighton,7,0,The City Ground,Simon Hooper,"30,164"
2025-02-01,Sat,15:00 (16:00),Everton,Leicester City,4,0,Goodison Park,Darren Bond,"39,376"
2025-02-01,Sat,15:00 (16:00),Newcastle Utd,Fulham,1,2,St James' Park,Chris Kavanagh,"52,173"
2025-02-01,Sat,15:00 (16:00),Bournemouth,Liverpool,0,2,Vitality Stadium,Darren England,"11,239"
2025-02-01,Sat,15:00 (16:00),Ipswich Town,Southampton,1,2,Portman Road Stadium,Michael Oliver,"29,902"
2025-02-01,Sat,17:30 (18:30),Wolves,Aston Villa,2,0,Molineux Stadium,Andy Madley,"31,385"
2025-02-02,Sun,14:00 (15:00),Manchester Utd,Crystal Palace,0,2,Old Trafford,John Brooks,"73,751"
2025-02-02,Sun,14:00 (15:00),Brentford,Tottenham,0,2,Gtech Community Stadium,Jarred Gillett,"17,154"
2025-02-02,Sun,16:30 (17:30),Arsenal,Manchester City,5,1,Emirates Stadium,Peter Bankes,"60,355"
2025-02-03,Mon,20:00 (21:00),Chelsea,West Ham,2,1,Stamford Bridge,Stuart Attwell,"39,459"
2025-02-12,Wed,19:30 (20:30),Everton,Liverpool,2,2,Goodison Park,Michael Oliver,"39,280"
2025-02-14,Fri,20:00 (21:00),Brighton,Chelsea,3,0,The American Express Stadium,Chris Kavanagh,"31,324"
2025-02-15,Sat,12:30 (13:30),Leicester City,Arsenal,0,2,King Power Stadium,Samuel Barrott,"31,968"
2025-02-15,Sat,15:00 (16:00),Fulham,Nott'ham Forest,2,1,Craven Cottage,Thomas Bramall,"27,164"
2025-02-15,Sat,15:00 (16:00),Manchester City,Newcastle Utd,4,0,Etihad Stadium,Andy Madley,"52,479"
2025-02-15,Sat,15:00 (16:00),Southampton,Bournemouth,1,3,St Mary's Stadium,Jarred Gillett,"31,037"
2025-02-15,Sat,15:00 (16:00),Aston Villa,Ipswich Town,1,1,Villa Park,Robert Jones,"42,510"
2025-02-15,Sat,15:00 (16:00),West Ham,Brentford,0,1,London Stadium,Darren England,"62,415"
2025-02-15,Sat,17:30 (18:30),Crystal Palace,Everton,1,2,Selhurst Park,Anthony Taylor,"25,108"
2025-02-16,Sun,14:00 (15:00),Liverpool,Wolves,2,1,Anfield,Simon Hooper,"60,248"
2025-02-16,Sun,16:30 (17:30),Tottenham,Manchester Utd,1,0,Tottenham Hotspur Stadium,Peter Bankes,"61,383"
2025-02-19,Wed,19:30 (20:30),Aston Villa,Liverpool,2,2,Villa Park,Craig Pawson,"41,910"
2025-02-21,Fri,20:00 (21:00),Leicester City,Brentford,0,4,King Power Stadium,Tony Harrington,"31,077"
2025-02-22,Sat,12:30 (13:30),Everton,Manchester Utd,2,2,Goodison Park,Andy Madley,"39,290"
2025-02-22,Sat,15:00 (16:00),Fulham,Crystal Palace,0,2,Craven Cottage,Robert Jones,"26,777"
2025-02-22,Sat,15:00 (16:00),Bournemouth,Wolves,0,1,Vitality Stadium,Michael Salisbury,"11,206"
2025-02-22,Sat,15:00 (16:00),Ipswich Town,Tottenham,1,4,Portman Road Stadium,Tim Robinson,"30,003"
2025-02-22,Sat,15:00 (16:00),Arsenal,West Ham,0,1,Emirates Stadium,Craig Pawson,"60,262"
2025-02-22,Sat,15:00 (16:00),Southampton,Brighton,0,4,St Mary's Stadium,Darren Bond,"30,775"
2025-02-22,Sat,17:30 (18:30),Aston Villa,Chelsea,2,1,Villa Park,Michael Oliver,"42,423"
2025-02-23,Sun,14:00 (15:00),Newcastle Utd,Nott'ham Forest,4,3,St James' Park,Jarred Gillett,"52,223"
2025-02-23,Sun,16:30 (17:30),Manchester City,Liverpool,0,2,Etihad Stadium,Anthony Taylor,"52,803"
2025-02-25,Tue,19:30 (20:30),Brighton,Bournemouth,2,1,The American Express Stadium,Michael Oliver,"31,138"
2025-02-25,Tue,19:30 (20:30),Crystal Palace,Aston Villa,4,1,Selhurst Park,Samuel Barrott,"24,712"
2025-02-25,Tue,19:30 (20:30),Wolves,Fulham,1,2,Molineux Stadium,Peter Bankes,"28,708"
2025-02-25,Tue,20:15 (21:15),Chelsea,Southampton,4,0,Stamford Bridge,Thomas Bramall,"39,485"
2025-02-26,Wed,19:30 (20:30),Tottenham,Manchester City,0,1,Tottenham Hotspur Stadium,Jarred Gillett,"60,820"
2025-02-26,Wed,19:30 (20:30),Nott'ham Forest,Arsenal,0,0,The City Ground,Andy Madley,"30,200"
2025-02-26,Wed,19:30 (20:30),Manchester Utd,Ipswich Town,3,2,Old Trafford,Darren England,"73,827"
2025-02-26,Wed,19:30 (20:30),Brentford,Everton,1,1,Gtech Community Stadium,Simon Hooper,"17,082"
2025-02-26,Wed,20:15 (21:15),Liverpool,Newcastle Utd,2,0,Anfield,Stuart Attwell,"60,374"
2025-02-27,Thu,20:00 (21:00),West Ham,Leicester City,2,0,London Stadium,Anthony Taylor,"62,455"
2025-03-08,Sat,12:30 (13:30),Nott'ham Forest,Manchester City,1,0,The City Ground,Chris Kavanagh,"30,252"
2025-03-08,Sat,15:00 (16:00),Liverpool,Southampton,3,1,Anfield,Lewis Smith,"60,399"
2025-03-08,Sat,15:00 (16:00),Brighton,Fulham,2,1,The American Express Stadium,Samuel Barrott,"31,584"
2025-03-08,Sat,15:00 (16:00),Crystal Palace,Ipswich Town,1,0,Selhurst Park,Simon Hooper,"25,155"
2025-03-08,Sat,17:30 (18:30),Brentford,Aston Villa,0,1,Gtech Community Stadium,Jarred Gillett,"17,171"
2025-03-08,Sat,20:00 (21:00),Wolves,Everton,1,1,Molineux Stadium,Stuart Attwell,"30,738"
2025-03-09,Sun,14:00 (15:00),Chelsea,Leicester City,1,0,Stamford Bridge,Tim Robinson,"39,750"
2025-03-09,Sun,14:00 (15:00),Tottenham,Bournemouth,2,2,Tottenham Hotspur Stadium,John Brooks,"61,178"
2025-03-09,Sun,16:30 (17:30),Manchester Utd,Arsenal,1,1,Old Trafford,Anthony Taylor,"73,812"
2025-03-10,Mon,20:00 (21:00),West Ham,Newcastle Utd,0,1,London Stadium,Michael Salisbury,"62,463"
2025-03-15,Sat,15:00 (16:00),Everton,West Ham,1,1,Goodison Park,Darren Bond,"39,343"
2025-03-15,Sat,15:00 (16:00),Southampton,Wolves,1,2,St Mary's Stadium,Robert Jones,"30,950"
2025-03-15,Sat,15:00 (16:00),Ipswich Town,Nott'ham Forest,2,4,Portman Road Stadium,Michael Salisbury,"29,878"
2025-03-15,Sat,15:00 (16:00),Manchester City,Brighton,2,2,Etihad Stadium,Simon Hooper,"52,471"
2025-03-15,Sat,17:30 (18:30),Bournemouth,Brentford,1,2,Vitality Stadium,Craig Pawson,"11,180"
2025-03-16,Sun,13:30 (14:30),Arsenal,Chelsea,1,0,Emirates Stadium,Chris Kavanagh,"60,311"
2025-03-16,Sun,13:30 (14:30),Fulham,Tottenham,2,0,Craven Cottage,Andy Madley,"27,182"
2025-03-16,Sun,19:00 (20:00),Leicester City,Manchester Utd,0,3,King Power Stadium,Thomas Bramall,"31,773"
2025-04-01,Tue,19:45 (20:45),Arsenal,Fulham,2,1,Emirates Stadium,John Brooks,"60,256"
2025-04-01,Tue,19:45 (20:45),Wolves,West Ham,1,0,Molineux Stadium,Tony Harrington,"29,587"
2025-04-01,Tue,20:00 (21:00),Nott'ham Forest,Manchester Utd,1,0,The City Ground,Jarred Gillett,"30,249"
2025-04-02,Wed,19:45 (20:45),Newcastle Utd,Brentford,2,1,St James' Park,Peter Bankes,"52,021"
2025-04-02,Wed,19:45 (20:45),Manchester City,Leicester City,2,0,Etihad Stadium,Darren England,"52,148"
2025-04-02,Wed,19:45 (20:45),Southampton,Crystal Palace,1,1,St Mary's Stadium,Andy Madley,"30,158"
2025-04-02,Wed,19:45 (20:45),Bournemouth,Ipswich Town,1,2,Vitality Stadium,Robert Jones,"11,192"
2025-04-02,Wed,19:45 (20:45),Brighton,Aston Villa,0,3,The American Express Stadium,Stuart Attwell,"27,895"
2025-04-02,Wed,20:00 (21:00),Liverpool,Everton,1,0,Anfield,Samuel Barrott,"60,457"
2025-04-03,Thu,20:00 (21:00),Chelsea,Tottenham,1,0,Stamford Bridge,Craig Pawson,"39,852"
2025-04-05,Sat,12:30 (13:30),Everton,Arsenal,1,1,Goodison Park,Darren England,"39,316"
2025-04-05,Sat,15:00 (16:00),Crystal Palace,Brighton,2,1,Selhurst Park,Anthony Taylor,"24,564"
2025-04-05,Sat,15:00 (16:00),Ipswich Town,Wolves,1,2,Portman Road Stadium,Peter Bankes,"29,549"
2025-04-05,Sat,15:00 (16:00),West Ham,Bournemouth,2,2,London Stadium,Tim Robinson,"62,459"
2025-04-05,Sat,17:30 (18:30),Aston Villa,Nott'ham Forest,2,1,Villa Park,Simon Hooper,"42,743"
2025-04-06,Sun,14:00 (15:00),Fulham,Liverpool,3,2,Craven Cottage,Chris Kavanagh,"27,770"
2025-04-06,Sun,14:00 (15:00),Brentford,Chelsea,0,0,Gtech Community Stadium,Michael Oliver,"17,183"
2025-04-06,Sun,14:00 (15:00),Tottenham,Southampton,3,1,Tottenham Hotspur Stadium,Michael Salisbury,"60,984"
2025-04-06,Sun,16:30 (17:30),Manchester Utd,Manchester City,0,0,Old Trafford,John Brooks,"73,738"
2025-04-07,Mon,20:00 (21:00),Leicester City,Newcastle Utd,0,3,King Power Stadium,Robert Jones,"30,403"
2025-04-12,Sat,12:30 (13:30),Manchester City,Crystal Palace,5,2,Etihad Stadium,Jarred Gillett,"52,489"
2025-04-12,Sat,15:00 (16:00),Brighton,Leicester City,2,2,The American Express Stadium,Darren Bond,"31,150"
2025-04-12,Sat,15:00 (16:00),Southampton,Aston Villa,0,3,St Mary's Stadium,Thomas Bramall,"30,199"
2025-04-12,Sat,15:00 (16:00),Nott'ham Forest,Everton,0,1,The City Ground,Craig Pawson,"30,199"
2025-04-12,Sat,17:30 (18:30),Arsenal,Brentford,1,1,Emirates Stadium,Simon Hooper,"60,184"
2025-04-13,Sun,14:00 (15:00),Liverpool,West Ham,2,1,Anfield,Andy Madley,"60,376"
2025-04-13,Sun,14:00 (15:00),Chelsea,Ipswich Town,2,2,Stamford Bridge,Stuart Attwell,"39,805"
2025-04-13,Sun,14:00 (15:00),Wolves,Tottenham,4,2,Molineux Stadium,Anthony Taylor,"31,463"
2025-04-13,Sun,16:30 (17:30),Newcastle Utd,Manchester Utd,4,1,St James' Park,Chris Kavanagh,"52,252"
2025-04-14,Mon,20:00 (21:00),Bournemouth,Fulham,1,0,Vitality Stadium,Michael Oliver,"11,195"
2025-04-16,Wed,19:30 (20:30),Newcastle Utd,Crystal Palace,5,0,St James' Park,Darren England,"52,197"
2025-04-19,Sat,15:00 (16:00),Everton,Manchester City,0,2,Goodison Park,Simon Hooper,"39,332"
2025-04-19,Sat,15:00 (16:00),West Ham,Southampton,1,1,London Stadium,Andrew Kitchen,"62,461"
2025-04-19,Sat,15:00 (16:00),Crystal Palace,Bournemouth,0,0,Selhurst Park,Samuel Barrott,"25,185"
2025-04-19,Sat,15:00 (16:00),Brentford,Brighton,4,2,Gtech Community Stadium,Tim Robinson,"17,083"
2025-04-19,Sat,17:30 (18:30),Aston Villa,Newcastle Utd,4,1,Villa Park,Jarred Gillett,"42,618"
2025-04-20,Sun,14:00 (15:00),Fulham,Chelsea,1,2,Craven Cottage,Anthony Taylor,"27,712"
2025-04-20,Sun,14:00 (15:00),Ipswich Town,Arsenal,0,4,Portman Road Stadium,Chris Kavanagh,"29,549"
2025-04-20,Sun,14:00 (15:00),Manchester Utd,Wolves,0,1,Old Trafford,Robert Jones,"73,819"
2025-04-20,Sun,16:30 (17:30),Leicester City,Liverpool,0,1,King Power Stadium,Stuart Attwell,"30,402"
2025-04-21,Mon,20:00 (21:00),Tottenham,Nott'ham Forest,1,2,Tottenham Hotspur Stadium,Peter Bankes,"59,314"
2025-04-22,Tue,20:00 (21:00),Manchester City,Aston Villa,2,1,Etihad Stadium,Craig Pawson,"51,834"
2025-04-23,Wed,20:00 (21:00),Arsenal,Crystal Palace,2,2,Emirates Stadium,Michael Salisbury,"60,167"
2025-04-26,Sat,12:30 (13:30),Chelsea,Everton,1,0,Stamford Bridge,Chris Kavanagh,"39,894"
2025-04-26,Sat,15:00 (16:00),Brighton,West Ham,3,2,The American Express Stadium,Darren England,"31,499"
2025-04-26,Sat,15:00 (16:00),Wolves,Leicester City,3,0,Molineux Stadium,Samuel Barrott,"31,518"
2025-04-26,Sat,15:00 (16:00),Southampton,Fulham,1,2,St Mary's Stadium,Tony Harrington,"28,946"
2025-04-26,Sat,15:00 (16:00),Newcastle Utd,Ipswich Town,3,0,St James' Park,Michael Salisbury,"52,171"
2025-04-27,Sun,14:00 (15:00),Bournemouth,Manchester Utd,1,1,Vitality Stadium,Peter Bankes,"11,241"
2025-04-27,Sun,16:30 (17:30),Liverpool,Tottenham,5,1,Anfield,Thomas Bramall,"60,415"
2025-05-01,Thu,19:30 (20:30),Nott'ham Forest,Brentford,0,2,The City Ground,Darren England,"29,040"
2025-05-02,Fri,20:00 (21:00),Manchester City,Wolves,1,0,Etihad Stadium,Peter Bankes,"53,282"
2025-05-03,Sat,12:30 (13:30),Aston Villa,Fulham,1,0,Villa Park,Robert Jones,"42,515"
2025-05-03,Sat,15:00 (16:00),Leicester City,Southampton,2,0,King Power Stadium,David Webb,"31,240"
2025-05-03,Sat,15:00 (16:00),Everton,Ipswich Town,2,2,Goodison Park,Lewis Smith,"39,305"
2025-05-03,Sat,17:30 (18:30),Arsenal,Bournemouth,1,2,Emirates Stadium,Jarred Gillett,"60,110"
2025-05-04,Sun,14:00 (15:00),Brighton,Newcastle Utd,1,1,The American Express Stadium,Craig Pawson,"31,580"
2025-05-04,Sun,14:00 (15:00),West Ham,Tottenham,1,1,London Stadium,Michael Oliver,"62,468"
2025-05-04,Sun,14:00 (15:00),Brentford,Manchester Utd,4,3,Gtech Community Stadium,Anthony Taylor,"18,915"
2025-05-04,Sun,16:30 (17:30),Chelsea,Liverpool,3,1,Stamford Bridge,Simon Hooper,"39,829"
2025-05-05,Mon,20:00 (21:00),Crystal Palace,Nott'ham Forest,1,1,Selhurst Park,Andy Madley,"25,096"
2025-05-10,Sat,15:00 (16:00),Ipswich Town,Brentford,0,1,Portman Road Stadium,Samuel Barrott,"29,511"
2025-05-10,Sat,15:00 (16:00),Fulham,Everton,1,3,Craven Cottage,Darren England,"27,653"
2025-05-10,Sat,15:00 (16:00),Wolves,Brighton,0,2,Molineux Stadium,Michael Oliver,"31,279"
2025-05-10,Sat,15:00 (16:00),Southampton,Manchester City,0,0,St Mary's Stadium,Tim Robinson,"30,937"
2025-05-10,Sat,17:30 (18:30),Bournemouth,Aston Villa,0,1,Vitality Stadium,Stuart Attwell,"11,187"
2025-05-11,Sun,12:00 (13:00),Newcastle Utd,Chelsea,2,0,St James' Park,John Brooks,"52,231"
2025-05-11,Sun,14:15 (15:15),Nott'ham Forest,Leicester City,2,2,The City Ground,Tony Harrington,"30,245"
2025-05-11,Sun,14:15 (15:15),Tottenham,Crystal Palace,0,2,Tottenham Hotspur Stadium,Chris Kavanagh,"60,254"
2025-05-11,Sun,14:15 (15:15),Manchester Utd,West Ham,0,2,Old Trafford,Jarred Gillett,"73,804"
2025-05-11,Sun,16:30 (17:30),Liverpool,Arsenal,2,2,Anfield,Anthony Taylor,"60,324"
2025-05-16,Fri,19:30 (20:30),Aston Villa,Tottenham,2,0,Villa Park,Peter Bankes,"42,239"
2025-05-16,Fri,20:15 (21:15),Chelsea,Manchester Utd,1,0,Stamford Bridge,Chris Kavanagh,"39,849"
2025-05-18,Sun,12:00 (13:00),Everton,Southampton,2,0,Goodison Park,Michael Oliver,"39,201"
2025-05-18,Sun,14:15 (15:15),West Ham,Nott'ham Forest,1,2,London Stadium,Samuel Barrott,"62,466"
2025-05-18,Sun,15:00 (16:00),Brentford,Fulham,2,3,Gtech Community Stadium,Jarred Gillett,"17,136"
2025-05-18,Sun,15:00 (16:00),Leicester City,Ipswich Town,2,0,King Power Stadium,Andrew Kitchen,"31,986"
2025-05-18,Sun,16:30 (17:30),Arsenal,Newcastle Utd,1,0,Emirates Stadium,Simon Hooper,"60,160"
2025-05-19,Mon,20:00 (21:00),Brighton,Liverpool,3,2,The American Express Stadium,Andy Madley,"31,611"
2025-05-20,Tue,20:00 (21:00),Manchester City,Bournemouth,3,1,Etihad Stadium,Thomas Bramall,"52,487"
2025-05-20,Tue,20:00 (21:00),Crystal Palace,Wolves,4,2,Selhurst Park,David Webb,"24,766"
2025-05-25,Sun,16:00 (17:00),Manchester Utd,Aston Villa,2,0,Old Trafford,Thomas Bramall,"73,839"
2025-05-25,Sun,16:00 (17:00),Ipswich Town,West Ham,1,3,Portman Road Stadium,Tim Robinson,"29,771"
2025-05-25,Sun,16:00 (17:00),Wolves,Brentford,1,1,Molineux Stadium,Craig Pawson,"31,382"
2025-05-25,Sun,16:00 (17:00),Southampton,Arsenal,1,2,St Mary's Stadium,Darren Bond,"31,289"
2025-05-25,Sun,16:00 (17:00),Liverpool,Crystal Palace,1,1,Anfield,Darren England,"60,382"
2025-05-25,Sun,16:00 (17:00),Nott'ham Forest,Chelsea,0,1,The City Ground,Anthony Taylor,"30,263"
2025-05-25,Sun,16:00 (17:00),Fulham,Manchester City,0,2,Craven Cottage,Andy Madley,"27,671"
2025-05-25,Sun,16:00 (17:00),Newcastle Utd,Everton,0,1,St James' Park,Tony Harrington,"52,221"
2025-05-25,Sun,16:00 (17:00),Bournemouth,Leicester City,2,0,Vitality Stadium,Lewis Smith,"11,238"
2025-05-25,Sun,16:00 (17:00),Tottenham,Brighton,1,4,Tottenham Hotspur Stadium,Robert Jones,"61,449"
